Metric,Value
Accuracy,0.7142857142857143
F1,0.5952380952380952
Precision,0.5102040816326531
Recall,0.7142857142857143
Any Pain Detection Rate,1.0
High Pain Detection Rate,0.35714285714285715
