Modality,Any Pain Detection Rate,High Pain Detection Rate
Posture,0.3333333333333333,0.25
Face,0.975609756097561,0.12682926829268293
Meta Fusion,0.9400921658986175,0.1336405529953917
